-- phpMyAdmin SQL Dump
-- version 5.2.1
-- https://www.phpmyadmin.net/
--
-- Host: 127.0.0.1
-- Generation Time: Feb 26, 2024 at 10:28 AM
-- Server version: 10.4.28-MariaDB
-- PHP Version: 8.2.4

SET SQL_MODE = "NO_AUTO_VALUE_ON_ZERO";
START TRANSACTION;
SET time_zone = "+00:00";


/*!40101 SET @OLD_CHARACTER_SET_CLIENT=@@CHARACTER_SET_CLIENT */;
/*!40101 SET @OLD_CHARACTER_SET_RESULTS=@@CHARACTER_SET_RESULTS */;
/*!40101 SET @OLD_COLLATION_CONNECTION=@@COLLATION_CONNECTION */;
/*!40101 SET NAMES utf8mb4 */;

--
-- Database: `profile`
--

-- --------------------------------------------------------

--
-- Table structure for table `contact_us`
--

CREATE TABLE `contact_us` (
  `id` int(11) NOT NULL,
  `name` varchar(75) NOT NULL,
  `email` varchar(50) NOT NULL,
  `message` text NOT NULL
) ENGINE=MyISAM DEFAULT CHARSET=utf8 COLLATE=utf8_general_ci;

-- --------------------------------------------------------

--
-- Table structure for table `project`
--

CREATE TABLE `project` (
  `id` int(11) NOT NULL,
  `slug` varchar(150) NOT NULL,
  `date` date NOT NULL,
  `creator` varchar(150) NOT NULL,
  `title` varchar(255) NOT NULL,
  `subtitle` varchar(255) NOT NULL,
  `banner` varchar(255) NOT NULL,
  `thumbnail` varchar(255) NOT NULL,
  `content` text NOT NULL,
  `display_order` int(11) NOT NULL
) ENGINE=MyISAM DEFAULT CHARSET=utf8 COLLATE=utf8_general_ci;

--
-- Dumping data for table `project`
--

INSERT INTO `project` (`id`, `slug`, `date`, `creator`, `title`, `subtitle`, `banner`, `thumbnail`, `content`, `display_order`) VALUES
(1, 'solar_ecom', '2023-12-17', 'Min Thant Oo', 'Solar Ecommerce Project', '', '', 'https://res.cloudinary.com/minlwinkyaw/image/upload/v1593641926/minlwinkyaw/final_year/thumbnail_da4jut.jpg', '<div class=\"btom-cont1 pt-4\">\n                            <h2 class=\"py-3\">Project\'s Info</h2>\n                            <p class=\"p-l-3\">\n                            <ul class=\"px-4\">\n                                <li><span class=\"project-detail-span\">Name</span> : Solar Ecommerce Project</li>\n                                <li><span class=\"project-detail-span\">Team Members</span> : Min Thant Oo</li>\n                                <li><span class=\"project-detail-span\">Duration</span> : around 3 Months</li>\n                                <li><span class=\"project-detail-span\">Programming Languages & Frameworks</span> : HTML, Css, Tailwind, JavaScript, Next.js, Laravel, MySQL, Nginx Deployment</li>\n                                <li><span class=\"project-detail-span\">Platforms</span> : Web</li>\n                                <li><span class=\"project-detail-span\">Links</span> :\n                                    <a target=\"_blank\"\n                                       href=\"https://github.com/Min-Thant-oo/ecom-frontend\">GitHub(frontend)\n				    </a>,\n				    <a target=\"_blank\"\n                                       href=\"https://github.com/Min-Thant-oo/ecom-backend\">GitHub(backend)\n				    </a>,\n                                    <a target=\"_blank\" href=\"https://www.solarecom.minthantoo.com\">Live</a>\n                                </li>\n                            </ul>\n                            </p>\n                            <h2 class=\"py-3\">Abstract</h2>\n                            <p class=\"text-justify\">\n                                In this project, a user can come and sign up for thier account, add the products to the favourites cart or shopping cart and make the purchase via Stripe. Users can also view their orders in the Order tab. In the case where users forget their password, an email will be sent to their email address and user will be able to reset the password by clicking on the link provided in the email. Users are able to update their personal information(name, email, profile picture, password) in the Account & Settings tab as well. If the users have any question, they can send an email to the admins via Contact Us form. \n                            </p>\n\n                            <h2 class=\"py-3\">Please Click Image for More Information About Page</h2>\n                            <div class=\"row justify-content-center\">\n                                <div class=\"col-xl-2 col-lg-2 col-md-4 col-sm-6 py-1\">\n                                    <a href=\"/assets/images/ecom/fyp_1.jpg\" data-lightbox=\"fyp\"\n                                       data-title=\"This is registration page.\">\n                                        <img src=\"/assets/images/ecom/fyp_1.jpg\" class=\"img-responsive img-fluid\"\n                                             alt=\"\">\n                                    </a>\n                                </div>\n                                <div class=\"col-xl-2 col-lg-2 col-md-4 col-sm-6 py-1\">\n                                    <a href=\"/assets/images/ecom/fyp_2.jpg\" data-lightbox=\"fyp\" data-title=\"This is sign-in page.\">\n                                        <img src=\"/assets/images/ecom/fyp_2.jpg\" class=\"img-responsive img-fluid\"\n                                             alt=\"\">\n                                    </a>\n                                </div>\n                                <div class=\"col-xl-2 col-lg-2 col-md-4 col-sm-6 py-1\">\n                                    <a href=\"/assets/images/ecom/fyp_3.jpg\" data-lightbox=\"fyp\" data-title=\"home page\">\n                                        <img src=\"/assets/images/ecom/fyp_3.jpg\" class=\"img-responsive img-fluid\"\n                                             alt=\"\">\n                                    </a>\n                                </div>\n                                <div class=\"col-xl-2 col-lg-2 col-md-4 col-sm-6 py-1\">\n                                    <a href=\"/assets/images/ecom/fyp_4.jpg\" data-lightbox=\"fyp\" data-title=\"You can see your favourite list here.\">\n                                        <img src=\"/assets/images/ecom/fyp_4.jpg\" class=\"img-responsive img-fluid\"\n                                             alt=\"\">\n                                    </a>\n                                </div>\n                                <div class=\"col-xl-2 col-lg-2 col-md-4 col-sm-6 py-1\">\n                                    <a href=\"/assets/images/ecom/fyp_5.jpg\" data-lightbox=\"fyp\" data-title=\"You can update your personal information here.\">\n                                        <img src=\"/assets/images/ecom/fyp_5.jpg\" class=\"img-responsive img-fluid\"\n                                             alt=\"\">\n                                    </a>\n                                </div>\n                                <div class=\"col-xl-2 col-lg-2 col-md-4 col-sm-6 py-1\">\n                                    <a href=\"/assets/images/ecom/fyp_6.jpg\" data-lightbox=\"fyp\"\n                                       data-title=\"This is the checkout page.\">\n                                        <img src=\"/assets/images/ecom/fyp_6.jpg\" class=\"img-responsive img-fluid\"\n                                             alt=\"\">\n                                    </a>\n                                </div>\n                                <div class=\"col-xl-2 col-lg-2 col-md-4 col-sm-6 py-1\">\n                                    <a href=\"/assets/images/ecom/fyp_7.jpg\" data-lightbox=\"fyp\" data-title=\"You can pay for the products via Stripe.\">\n                                        <img src=\"/assets/images/ecom/fyp_7.jpg\" class=\"img-responsive img-fluid\"\n                                             alt=\"\">\n                                    </a>\n                                </div>\n                                <div class=\"col-xl-2 col-lg-2 col-md-4 col-sm-6 py-1\">\n                                    <a href=\"/assets/images/ecom/fyp_8.jpg\" data-lightbox=\"fyp\"\n                                       data-title=\"You can view your order list in order tab.\">\n                                        <img src=\"/assets/images/ecom/fyp_8.jpg\" class=\"img-responsive img-fluid\"\n                                             alt=\"\">\n                                    </a>\n                                </div>\n                            </div>\n                        </div>', 10),
(2, 'stand_blog', '2024-01-01', 'Min Thant Oo', 'Stand Blog', '', '', 'https://res.cloudinary.com/minlwinkyaw/image/upload/v1593642544/minlwinkyaw/mmcovid19/thumbnail_rbizdc.jpg', '<div class=\"btom-cont1 pt-4\">\n    <h2 class=\"py-3\">Project\'s Info</h2>\n    <p class=\"p-l-3\">\n    <ul class=\"px-4\">\n        <li><span class=\"project-detail-span\">Name</span> : Stand Blog</li>\n        <li><span class=\"project-detail-span\">Team Members</span> : Min Thant Oo</li>\n        <li><span class=\"project-detail-span\">Duration</span> : 2-3 days</li>\n        <li><span class=\"project-detail-span\">Programming Languages & Frameworks</span> : HTML, Css, Bootstrap, JavaScript, Laravel, PHP, MySQL, Nginx Deployment</li>\n        <li><span class=\"project-detail-span\">Platforms</span> : Web</li>\n        <li><span class=\"project-detail-span\">Links</span> :\n            <a target=\"_blank\"\n               href=\"https://github.com/Min-Thant-oo/Stand_Blog\">GitHub\n</a>,\n            <a target=\"_blank\" href=\"https://standblog.minthantoo.com/\">Live</a>\n        </li>\n    </ul>\n    </p>\n    <h2 class=\"py-3\">Abstract</h2>\n    <p class=\"text-justify\">\n        In this project, anycome can come and check out the blogs posted by the admin. User can search using multi filters. User can comment their thoughts on the blog as well. Users are able to sent the message to the admins should they have any inquiry about the blogs. \n    </p>\n\n    <h2 class=\"py-3\">Please Click Image for More Information About Page</h2>\n    <div class=\"row justify-content-center\">\n        <div class=\"col-xl-2 col-lg-2 col-md-4 col-sm-6 py-1\">\n            <a href=\"/assets/images/standblog/fyp_1.jpg\" data-lightbox=\"fyp\"\n               data-title=\"This is the home page where carousel of the blogs is shown.\">\n                <img src=\"/assets/images/standblog/fyp_1.jpg\" class=\"img-responsive img-fluid\"\n                     alt=\"\">\n            </a>\n        </div>\n        <div class=\"col-xl-2 col-lg-2 col-md-4 col-sm-6 py-1\">\n            <a href=\"/assets/images/standblog/fyp_2.jpg\" data-lightbox=\"fyp\" data-title=\"home page 2 and as shown in the picture, user can search for blogs using filters\">\n                <img src=\"/assets/images/standblog/fyp_2.jpg\" class=\"img-responsive img-fluid\"\n                     alt=\"\">\n            </a>\n        </div>\n        <div class=\"col-xl-2 col-lg-2 col-md-4 col-sm-6 py-1\">\n            <a href=\"/assets/images/standblog/fyp_3.jpg\" data-lightbox=\"fyp\" data-title=\"home page 3 and as shown in the picture, user can search for blogs using filters\">\n                <img src=\"/assets/images/standblog/fyp_3.jpg\" class=\"img-responsive img-fluid\"\n                     alt=\"\">\n            </a>\n        </div>\n        <div class=\"col-xl-2 col-lg-2 col-md-4 col-sm-6 py-1\">\n            <a href=\"/assets/images/standblog/fyp_4.jpg\" data-lightbox=\"fyp\" data-title=\"Pagination\">\n                <img src=\"/assets/images/standblog/fyp_4.jpg\" class=\"img-responsive img-fluid\"\n                     alt=\"\">\n            </a>\n        </div>\n        <div class=\"col-xl-2 col-lg-2 col-md-4 col-sm-6 py-1\">\n            <a href=\"/assets/images/standblog/fyp_5.jpg\" data-lightbox=\"fyp\" data-title=\"Comment Form\">\n                <img src=\"/assets/images/standblog/fyp_5.jpg\" class=\"img-responsive img-fluid\"\n                     alt=\"\">\n            </a>\n        </div>\n        <div class=\"col-xl-2 col-lg-2 col-md-4 col-sm-6 py-1\">\n            <a href=\"/assets/images/standblog/fyp_6.jpg\" data-lightbox=\"Contact form\"\n               data-title=\"This is the checkout page.\">\n                <img src=\"/assets/images/standblog/fyp_6.jpg\" class=\"img-responsive img-fluid\"\n                     alt=\"\">\n            </a>\n        </div>\n        \n    </div>\n</div>', 20),
(3, 'admin_solar_ecom', '2023-01-01', 'Min Lwin Kyaw', 'Admin Dashboard (Solar Ecom)', '', '', 'https://res.cloudinary.com/minlwinkyaw/image/upload/v1593643415/minlwinkyaw/Job_posting_site/thumbnail_wwhjnr.jpg', '<div class=\\\"btom-cont1 pt-4\\\">\\r\\n                            <h2 class=\\\"py-3\\\">Project\'s Info<\\/h2>\\r\\n                            <p class=\\\"p-l-3\\\">\\r\\n                            <ul class=\\\"px-4\\\">\\r\\n                                <li><span class=\\\"project-detail-span\\\">Name<\\/span> : Job Posting Website\\r\\n                                <\\/li>\\r\\n                                <li><span class=\\\"project-detail-span\\\">Team Members<\\/span> : Min Lwin Kyaw<\\/li>\\r\\n                                <li><span class=\\\"project-detail-span\\\">Duration<\\/span> : 1 Month<\\/li>\\r\\n                                <li><span class=\\\"project-detail-span\\\">Programming Languages & Frameworks<\\/span> : Django, Python, HTML, CSS, JavaScript\\r\\n                                <\\/li>\\r\\n                                <li><span class=\\\"project-detail-span\\\">Platforms<\\/span> : Web\\r\\n                                <\\/li>\\r\\n                                <li><span class=\\\"project-detail-span\\\">Links<\\/span> :\\r\\n                                    <a target=\\\"_blank\\\"\\r\\n                                       href=\\\"https:\\/\\/github.com\\/Minlwinkyaw307\\/job_posting_site\\/\\\">GitHub(Source Code)<\\/a>\\r\\n                                <\\/li>\\r\\n                            <\\/ul>\\r\\n                            <\\/p>\\r\\n                            <p class=\\\"text-justify py-3\\\">\\r\\n                                It is a web application for posting jobs and allow people who are looking for job to apply.\\r\\n                                Included CMS for client and developer in project. Project was done by using Django, python,\\r\\n                                HTML, CSS and JavaScript for Computer Special Topic 2 Course. <br>\\r\\n\\r\\n                                Because of course project, there are some limitation to follow to get perfect point.\\r\\n                                <br>\\r\\n                                Template is download from <a target=\\\"_blank\\\" href=\\\"https:\\/\\/colorlib.com\\/\\\">Colorlib<\\/a>\\r\\n\\r\\n                            <\\/p>\\r\\n                            <div class=\\\"row\\\">\\r\\n                                <div class=\\\"col-xl-8 col-lg-8 col-md-12 col-sm-12 py-3\\\">\\r\\n                                    <a href=\\\"https:\\/\\/res.cloudinary.com\\/minlwinkyaw\\/image\\/upload\\/v1593293059\\/minlwinkyaw\\/Job_posting_site\\/1_i0qwez.png\\\" data-lightbox=\\\"job_posting_site\\\"\\r\\n                                       data-title=\\\"Home Page - 1\\\">\\r\\n                                        <img src=\\\"https:\\/\\/res.cloudinary.com\\/minlwinkyaw\\/image\\/upload\\/v1593293059\\/minlwinkyaw\\/Job_posting_site\\/1_i0qwez.png\\\" class=\\\"img-responsive img-fluid\\\"\\r\\n                                             alt=\\\"\\\">\\r\\n                                    <\\/a>\\r\\n                                <\\/div>\\r\\n                                <div class=\\\"col-xl-4 col-lg-4 col-md-12 col-sm-12 py-3\\\">\\r\\n                                    <h6><b>Home Page - 1<\\/b><\\/h6>\\r\\n                                    <p class=\\\"text-justify\\\">\\r\\n                                        Because of course limitation, in home page it must have slider for recent added jobs, few recently added jobs list and some content for website.\\r\\n                                        <br>\\r\\n                                        In menu, there are home, jobs(list of jobs), about us, contact us, FAQ, sign in and sign up menu.\\r\\n                                    <\\/p>\\r\\n                                <\\/div>\\r\\n\\r\\n                                <div class=\\\"col-xl-8 col-lg-8 col-md-12 col-sm-12 py-3\\\">\\r\\n                                    <a href=\\\"https:\\/\\/res.cloudinary.com\\/minlwinkyaw\\/image\\/upload\\/v1593293080\\/minlwinkyaw\\/Job_posting_site\\/2_lhy84r.png\\\" data-lightbox=\\\"job_posting_site\\\"\\r\\n                                       data-title=\\\"Home Page - 2\\\">\\r\\n                                        <img src=\\\"https:\\/\\/res.cloudinary.com\\/minlwinkyaw\\/image\\/upload\\/v1593293080\\/minlwinkyaw\\/Job_posting_site\\/2_lhy84r.png\\\" class=\\\"img-responsive img-fluid\\\"\\r\\n                                             alt=\\\"\\\">\\r\\n                                    <\\/a>\\r\\n                                <\\/div>\\r\\n                                <div class=\\\"col-xl-4 col-lg-4 col-md-12 col-sm-12 py-3\\\">\\r\\n                                    <h6><b>Home Page - 2<\\/b><\\/h6>\\r\\n                                    <p class=\\\"text-justify\\\">\\r\\n                                        In this part of the home page, it list few(5 jobs and in database there are only 5 jobs as well) jobs.\\r\\n                                    <\\/p>\\r\\n                                <\\/div>\\r\\n\\r\\n                                <div class=\\\"col-xl-8 col-lg-8 col-md-12 col-sm-12 py-3\\\">\\r\\n                                    <a href=\\\"https:\\/\\/res.cloudinary.com\\/minlwinkyaw\\/image\\/upload\\/v1593293108\\/minlwinkyaw\\/Job_posting_site\\/3_exspwr.png\\\"\\r\\n                                       data-lightbox=\\\"job_posting_site\\\"\\r\\n                                       data-title=\\\"Jobs\\\">\\r\\n                                        <img src=\\\"https:\\/\\/res.cloudinary.com\\/minlwinkyaw\\/image\\/upload\\/v1593293108\\/minlwinkyaw\\/Job_posting_site\\/3_exspwr.png\\\"\\r\\n                                             class=\\\"img-responsive img-fluid\\\"\\r\\n                                             alt=\\\"\\\">\\r\\n                                    <\\/a>\\r\\n                                <\\/div>\\r\\n                                <div class=\\\"col-xl-4 col-lg-4 col-md-12 col-sm-12 py-3\\\">\\r\\n                                    <h6><b>Jobs<\\/b><\\/h6>\\r\\n                                    <p class=\\\"text-justify\\\">\\r\\n                                        In jobs page, at the top of the page there is search and filter option to search job or filter jobs base of region or type of job which user is looking for. That\'s part is done by AJAX.\\r\\n                                    <\\/p>\\r\\n                                <\\/div>\\r\\n\\r\\n                                <div class=\\\"col-xl-8 col-lg-8 col-md-12 col-sm-12 py-3\\\">\\r\\n                                    <a href=\\\"https:\\/\\/res.cloudinary.com\\/minlwinkyaw\\/image\\/upload\\/v1593293139\\/minlwinkyaw\\/Job_posting_site\\/4_ckm6rq.png\\\"\\r\\n                                       data-lightbox=\\\"job_posting_site\\\"\\r\\n                                       data-title=\\\"Jobs List\\\">\\r\\n                                        <img src=\\\"https:\\/\\/res.cloudinary.com\\/minlwinkyaw\\/image\\/upload\\/v1593293139\\/minlwinkyaw\\/Job_posting_site\\/4_ckm6rq.png\\\"\\r\\n                                             class=\\\"img-responsive img-fluid\\\"\\r\\n                                             alt=\\\"\\\">\\r\\n                                    <\\/a>\\r\\n                                <\\/div>\\r\\n                                <div class=\\\"col-xl-4 col-lg-4 col-md-12 col-sm-12 py-3\\\">\\r\\n                                    <h6><b>Jobs (Job List)<\\/b><\\/h6>\\r\\n                                    <p class=\\\"text-justify\\\">\\r\\n                                        In this section of the jobs page, it list the jobs the same way as home page job list but it include category filter option which is also work with top filter option to filter out job base on category.\\r\\n                                    <\\/p>\\r\\n                                <\\/div>\\r\\n\\r\\n                                <div class=\\\"col-xl-8 col-lg-8 col-md-12 col-sm-12 py-3\\\">\\r\\n                                    <a href=\\\"https:\\/\\/res.cloudinary.com\\/minlwinkyaw\\/image\\/upload\\/v1593300979\\/minlwinkyaw\\/Job_posting_site\\/11_prcuxp.png\\\"\\r\\n                                       data-lightbox=\\\"job_posting_site\\\"\\r\\n                                       data-title=\\\"Job Detail\\\">\\r\\n                                        <img src=\\\"https:\\/\\/res.cloudinary.com\\/minlwinkyaw\\/image\\/upload\\/v1593300979\\/minlwinkyaw\\/Job_posting_site\\/11_prcuxp.png\\\"\\r\\n                                             class=\\\"img-responsive img-fluid\\\"\\r\\n                                             alt=\\\"\\\">\\r\\n                                    <\\/a>\\r\\n                                <\\/div>\\r\\n                                <div class=\\\"col-xl-4 col-lg-4 col-md-12 col-sm-12 py-3\\\">\\r\\n                                    <h6><b>Job Detail<\\/b><\\/h6>\\r\\n                                    <p class=\\\"text-justify\\\">\\r\\n                                        In the job detail page, it show detail of the jobs using slider of image, and other information like salary, city, type of job, requirement, gender for the role, deadline, what kind of things going to need and do in the job.\\r\\n                                    <\\/p>\\r\\n                                <\\/div>\\r\\n\\r\\n\\r\\n\\r\\n                                <div class=\\\"col-xl-8 col-lg-8 col-md-12 col-sm-12 py-3\\\">\\r\\n                                    <a href=\\\"https:\\/\\/res.cloudinary.com\\/minlwinkyaw\\/image\\/upload\\/v1593293190\\/minlwinkyaw\\/Job_posting_site\\/5_klmey2.png\\\"\\r\\n                                       data-lightbox=\\\"job_posting_site\\\"\\r\\n                                       data-title=\\\"Contact Us\\\">\\r\\n                                        <img src=\\\"https:\\/\\/res.cloudinary.com\\/minlwinkyaw\\/image\\/upload\\/v1593293190\\/minlwinkyaw\\/Job_posting_site\\/5_klmey2.png\\\"\\r\\n                                             class=\\\"img-responsive img-fluid\\\"\\r\\n                                             alt=\\\"\\\">\\r\\n                                    <\\/a>\\r\\n                                <\\/div>\\r\\n                                <div class=\\\"col-xl-4 col-lg-4 col-md-12 col-sm-12 py-3\\\">\\r\\n                                    <h6><b>Contact Us<\\/b><\\/h6>\\r\\n                                    <p class=\\\"text-justify\\\">\\r\\n                                        In contact us, it shows contact information and contact form to contact the website maintainer. All the contact information and all the other contact (HTML content) are retrieved from the database to show here. It can changeable from the admin dashboard.\\r\\n                                    <\\/p>\\r\\n                                <\\/div>\\r\\n\\r\\n                                <div class=\\\"col-xl-8 col-lg-8 col-md-12 col-sm-12 py-3\\\">\\r\\n                                    <a href=\\\"https:\\/\\/res.cloudinary.com\\/minlwinkyaw\\/image\\/upload\\/v1593293254\\/minlwinkyaw\\/Job_posting_site\\/6_b0ho9w.png\\\"\\r\\n                                       data-lightbox=\\\"job_posting_site\\\"\\r\\n                                       data-title=\\\"FAQ\\\">\\r\\n                                        <img src=\\\"https:\\/\\/res.cloudinary.com\\/minlwinkyaw\\/image\\/upload\\/v1593293254\\/minlwinkyaw\\/Job_posting_site\\/6_b0ho9w.png\\\"\\r\\n                                             class=\\\"img-responsive img-fluid\\\"\\r\\n                                             alt=\\\"\\\">\\r\\n                                    <\\/a>\\r\\n                                <\\/div>\\r\\n                                <div class=\\\"col-xl-4 col-lg-4 col-md-12 col-sm-12 py-3\\\">\\r\\n                                    <h6><b>FAQ<\\/b><\\/h6>\\r\\n                                    <p class=\\\"text-justify\\\">\\r\\n                                        It is a page where user ask questions, and find answers for their common problems. When user request, question can be rejected or answered. If question is answered it will be shown in FAQ section. Accepting and rejecting are done in Admin Dashboard.\\r\\n                                    <\\/p>\\r\\n                                <\\/div>\\r\\n\\r\\n                                <div class=\\\"col-xl-8 col-lg-8 col-md-12 col-sm-12 py-3\\\">\\r\\n                                    <a href=\\\"https:\\/\\/res.cloudinary.com\\/minlwinkyaw\\/image\\/upload\\/v1593293322\\/minlwinkyaw\\/Job_posting_site\\/7_lyzpkd.png\\\"\\r\\n                                       data-lightbox=\\\"job_posting_site\\\"\\r\\n                                       data-title=\\\"User Profile\\\">\\r\\n                                        <img src=\\\"https:\\/\\/res.cloudinary.com\\/minlwinkyaw\\/image\\/upload\\/v1593293322\\/minlwinkyaw\\/Job_posting_site\\/7_lyzpkd.png\\\"\\r\\n                                             class=\\\"img-responsive img-fluid\\\"\\r\\n                                             alt=\\\"\\\">\\r\\n                                    <\\/a>\\r\\n                                <\\/div>\\r\\n                                <div class=\\\"col-xl-4 col-lg-4 col-md-12 col-sm-12 py-3\\\">\\r\\n                                    <h6><b>User Profile<\\/b><\\/h6>\\r\\n                                    <p class=\\\"text-justify\\\">\\r\\n                                        This pages is only for logged candidate to check and manage their information. There are different section - profile, accepted jobs, rejected jobs, comment and saved jobs.\\r\\n                                    <\\/p>\\r\\n                                <\\/div>\\r\\n\\r\\n                                <div class=\\\"col-xl-4 col-lg-4 col-md-12 col-sm-12 py-3\\\">\\r\\n                                    <a href=\\\"https:\\/\\/res.cloudinary.com\\/minlwinkyaw\\/image\\/upload\\/v1593293390\\/minlwinkyaw\\/Job_posting_site\\/9_ufoyrs.png\\\"\\r\\n                                       data-lightbox=\\\"job_posting_site\\\"\\r\\n                                       data-title=\\\"Admin-1\\\">\\r\\n                                        <img src=\\\"https:\\/\\/res.cloudinary.com\\/minlwinkyaw\\/image\\/upload\\/v1593293390\\/minlwinkyaw\\/Job_posting_site\\/9_ufoyrs.png\\\"\\r\\n                                             class=\\\"img-responsive img-fluid\\\"\\r\\n                                             alt=\\\"\\\">\\r\\n                                    <\\/a>\\r\\n                                <\\/div>\\r\\n                                <div class=\\\"col-xl-4 col-lg-4 col-md-12 col-sm-12 py-3\\\">\\r\\n                                    <a href=\\\"https:\\/\\/res.cloudinary.com\\/minlwinkyaw\\/image\\/upload\\/v1593293349\\/minlwinkyaw\\/Job_posting_site\\/8_pfbnym.png\\\"\\r\\n                                       data-lightbox=\\\"job_posting_site\\\"\\r\\n                                       data-title=\\\"Admin-2\\\">\\r\\n                                        <img src=\\\"https:\\/\\/res.cloudinary.com\\/minlwinkyaw\\/image\\/upload\\/v1593293349\\/minlwinkyaw\\/Job_posting_site\\/8_pfbnym.png\\\"\\r\\n                                             class=\\\"img-responsive img-fluid\\\"\\r\\n                                             alt=\\\"\\\">\\r\\n                                    <\\/a>\\r\\n                                <\\/div>\\r\\n                                <div class=\\\"col-xl-4 col-lg-4 col-md-12 col-sm-12 py-3\\\">\\r\\n                                    <h6><b>Admin<\\/b><\\/h6>\\r\\n                                    <p class=\\\"text-justify\\\">\\r\\n                                        I am using Django Admin to control, adding, editing, updating and deleting data for the project. I am using it for the development purpose only.\\r\\n                                    <\\/p>\\r\\n                                <\\/div>\\r\\n                            <\\/div>\\r\\n                        <\\/div>', 15),
(4, 'steganography_for_images', '2020-05-01', 'Min Lwin Kyaw', 'Steganography For Images', 'Steganography For Images', 'https://res.cloudinary.com/minlwinkyaw/image/upload/v1593401776/minlwinkyaw/steganography/banner_xd4rky.png', 'https://res.cloudinary.com/minlwinkyaw/image/upload/v1593644524/minlwinkyaw/steganography/thumbnail_prnora.jpg', '<div class=\\\"btom-cont1 pt-4\\\">\\r\\n                            <h2 class=\\\"py-3\\\">Project\'s Info<\\/h2>\\r\\n                            <p class=\\\"p-l-3\\\">\\r\\n                            <ul class=\\\"px-4\\\">\\r\\n                                <li><span class=\\\"project-detail-span\\\">Name<\\/span> : Steganography For Images\\r\\n\\r\\n                                <\\/li>\\r\\n                                <li><span class=\\\"project-detail-span\\\">Team Members<\\/span> : Min Lwin Kyaw<\\/li>\\r\\n                                <li><span class=\\\"project-detail-span\\\">Duration<\\/span> : 2 Days<\\/li>\\r\\n                                <li><span class=\\\"project-detail-span\\\">Programming Languages & Frameworks<\\/span> : Python\\r\\n                                <\\/li>\\r\\n                                <li><span class=\\\"project-detail-span\\\">Platforms<\\/span> : Cross-Platform\\r\\n                                <\\/li>\\r\\n                                <li><span class=\\\"project-detail-span\\\">Links<\\/span> :\\r\\n                                    <a target=\\\"_blank\\\" href=\\\"https:\\/\\/github.com\\/Minlwinkyaw307\\/steganography_with_image\\\">GitHub<\\/a>\\r\\n                                <\\/li>\\r\\n                            <\\/ul>\\r\\n                            <\\/p>\\r\\n                            <p class=\\\"text-justify py-3\\\">\\r\\n                                A cross-platform application to hide one small image to another big image to by using bit level\\r\\n                                data encryption or password base encryption on bit level encrypted image. Project was done by\\r\\n                                using python, and image processing.\\r\\n                            <\\/p>\\r\\n                            <div class=\\\"row\\\">\\r\\n                                <div class=\\\"col-xl-8 col-lg-8 col-md-12 col-sm-12 py-3\\\">\\r\\n                                    <a href=\\\"https:\\/\\/res.cloudinary.com\\/minlwinkyaw\\/image\\/upload\\/v1593401104\\/minlwinkyaw\\/steganography\\/2_le44es.png\\\" data-lightbox=\\\"steganography\\\"\\r\\n                                       data-title=\\\"Main Page\\\">\\r\\n                                        <img src=\\\"https:\\/\\/res.cloudinary.com\\/minlwinkyaw\\/image\\/upload\\/v1593401104\\/minlwinkyaw\\/steganography\\/2_le44es.png\\\" class=\\\"img-responsive img-fluid\\\"\\r\\n                                             alt=\\\"\\\">\\r\\n                                    <\\/a>\\r\\n                                <\\/div>\\r\\n                                <div class=\\\"col-xl-4 col-lg-4 col-md-12 col-sm-12 py-3\\\">\\r\\n                                    <h6><b>Main Page<\\/b><\\/h6>\\r\\n                                    <p class=\\\"text-justify\\\">\\r\\n                                        In the application, user can insert one image as base image(bigger image that big enough to hide small one) and secret image(small image that small enough to hide inside base image).\\r\\n                                        User can use reversed XOR(encryption method that I created) or plain to hide image.\\r\\n                                        <br> Support three different output image types - png, tiff, bmp (jpg will compress the image before saving it, so, it will break stored bit values and result will be different. That\'s why I used these formats for save image).\\r\\n                                        <br>\\r\\n                                        To reversed secret image from steganography image, if image used reversed XOR encryption, then need to select reversed XOR encryption, if not just select none and decrypt image from it.\\r\\n\\r\\n                                    <\\/p>\\r\\n                                <\\/div>\\r\\n\\r\\n\\r\\n                            <\\/div>\\r\\n                        <\\/div>', 70);
INSERT INTO `project` (`id`, `slug`, `date`, `creator`, `title`, `subtitle`, `banner`, `thumbnail`, `content`, `display_order`) VALUES
(5, 'online_food_order', '2019-12-01', 'Min Lwin Kyaw', 'Online Food Order For Restaurant', 'Online Food Order For Restaurant', '', 'https://res.cloudinary.com/minlwinkyaw/image/upload/v1593642968/minlwinkyaw/restaurant/thumbnail_tyry3j.jpg', '<div class=\\\"btom-cont1 pt-4\\\">\\r\\n                            <h2 class=\\\"py-3\\\">Project\'s Info<\\/h2>\\r\\n                            <p class=\\\"p-l-3\\\">\\r\\n                            <ul class=\\\"px-4\\\">\\r\\n                                <li><span class=\\\"project-detail-span\\\">Name<\\/span> : Online Food Order For Restaurant\\r\\n                                <\\/li>\\r\\n                                <li><span class=\\\"project-detail-span\\\">Team Members<\\/span> : Min Lwin Kyaw<\\/li>\\r\\n                                <li><span class=\\\"project-detail-span\\\">Duration<\\/span> : 3 Months<\\/li>\\r\\n                                <li><span class=\\\"project-detail-span\\\">Programming Languages & Frameworks<\\/span> :\\r\\n                                    Symfony, PHP, HTML, JavaScript, MySQL\\r\\n                                <\\/li>\\r\\n                                <li><span class=\\\"project-detail-span\\\">Platforms<\\/span> : Web\\r\\n                                <\\/li>\\r\\n                                <li><span class=\\\"project-detail-span\\\">Links<\\/span> :\\r\\n                                    <a target=\\\"_blank\\\"\\r\\n                                       href=\\\"https:\\/\\/github.com\\/Minlwinkyaw307\\/st_1_project\\\">GitHub(Source Code)<\\/a>\\r\\n                                <\\/li>\\r\\n                            <\\/ul>\\r\\n                            <\\/p>\\r\\n                            <p class=\\\"text-justify py-3\\\">\\r\\n                                It is a web application restaurant owner to publish their foods, drinks, desserts, and\\r\\n                                others food\\r\\n                                related things on their website and allow user to order these foods and drink by using\\r\\n                                this\\r\\n                                website. Included CMS for customers and restaurant\\u2019s owners. Project was done by using\\r\\n                                Symfony, php, HTML, CSS, and JavaScript for Computer Special Topic 1 Course.<br>\\r\\n\\r\\n                                Because of course project, there are some limitation to follow to get perfect point.\\r\\n                                <br>\\r\\n                                Templates are downloaded from <a target=\\\"_blank\\\"\\r\\n                                                                 href=\\\"https:\\/\\/colorlib.com\\/\\\">Colorlib<\\/a>\\r\\n\\r\\n                            <\\/p>\\r\\n                            <div class=\\\"row\\\">\\r\\n                                <div class=\\\"col-xl-8 col-lg-8 col-md-12 col-sm-12 py-3\\\">\\r\\n                                    <a href=\\\"https:\\/\\/res.cloudinary.com\\/minlwinkyaw\\/image\\/upload\\/v1593403346\\/minlwinkyaw\\/restaurant\\/1_thhnbp.png\\\"\\r\\n                                       data-lightbox=\\\"online_food_order\\\"\\r\\n                                       data-title=\\\"Home Page - 1\\\">\\r\\n                                        <img src=\\\"https:\\/\\/res.cloudinary.com\\/minlwinkyaw\\/image\\/upload\\/v1593403346\\/minlwinkyaw\\/restaurant\\/1_thhnbp.png\\\"\\r\\n                                             class=\\\"img-responsive img-fluid\\\"\\r\\n                                             alt=\\\"\\\">\\r\\n                                    <\\/a>\\r\\n                                <\\/div>\\r\\n                                <div class=\\\"col-xl-4 col-lg-4 col-md-12 col-sm-12 py-3\\\">\\r\\n                                    <h6><b>Home Page - 1<\\/b><\\/h6>\\r\\n                                    <p class=\\\"text-justify\\\">\\r\\n                                        Because of course limitation, in home page it must have slider which is created\\r\\n                                        from the admin dashboard as admin wished, few recently added food list and some\\r\\n                                        content for website as most of the website usually does.\\r\\n                                        <br>\\r\\n                                        In menu, there are home, about us, preference, contact us, order meals (to find\\r\\n                                        all of the foods available in restaurant, sign in and sign up pages.\\r\\n                                    <\\/p>\\r\\n                                <\\/div>\\r\\n\\r\\n                                <div class=\\\"col-xl-8 col-lg-8 col-md-12 col-sm-12 py-3\\\">\\r\\n                                    <a href=\\\"https:\\/\\/res.cloudinary.com\\/minlwinkyaw\\/image\\/upload\\/v1593403346\\/minlwinkyaw\\/restaurant\\/2_osdzc0.png\\\"\\r\\n                                       data-lightbox=\\\"online_food_order\\\"\\r\\n                                       data-title=\\\"Home Page - 2\\\">\\r\\n                                        <img src=\\\"https:\\/\\/res.cloudinary.com\\/minlwinkyaw\\/image\\/upload\\/v1593403346\\/minlwinkyaw\\/restaurant\\/2_osdzc0.png\\\"\\r\\n                                             class=\\\"img-responsive img-fluid\\\"\\r\\n                                             alt=\\\"\\\">\\r\\n                                    <\\/a>\\r\\n                                <\\/div>\\r\\n                                <div class=\\\"col-xl-4 col-lg-4 col-md-12 col-sm-12 py-3\\\">\\r\\n                                    <h6><b>Home Page - 2<\\/b><\\/h6>\\r\\n                                    <p class=\\\"text-justify\\\">\\r\\n                                        In this part of the home page, it list few foods with filter and sort option to\\r\\n                                        find latest food available in restaurant.\\r\\n                                    <\\/p>\\r\\n                                <\\/div>\\r\\n\\r\\n                                <div class=\\\"col-xl-8 col-lg-8 col-md-12 col-sm-12 py-3\\\">\\r\\n                                    <a href=\\\"https:\\/\\/res.cloudinary.com\\/minlwinkyaw\\/image\\/upload\\/v1593403345\\/minlwinkyaw\\/restaurant\\/3_b3evaw.png\\\"\\r\\n                                       data-lightbox=\\\"online_food_order\\\"\\r\\n                                       data-title=\\\"Meal Detail Page\\\">\\r\\n                                        <img src=\\\"https:\\/\\/res.cloudinary.com\\/minlwinkyaw\\/image\\/upload\\/v1593403345\\/minlwinkyaw\\/restaurant\\/3_b3evaw.png\\\"\\r\\n                                             class=\\\"img-responsive img-fluid\\\"\\r\\n                                             alt=\\\"\\\">\\r\\n                                    <\\/a>\\r\\n                                <\\/div>\\r\\n                                <div class=\\\"col-xl-4 col-lg-4 col-md-12 col-sm-12 py-3\\\">\\r\\n                                    <h6><b>Meal Detail Page<\\/b><\\/h6>\\r\\n                                    <p class=\\\"text-justify\\\">\\r\\n                                        When user select any of the meal, it will route to meal detail page. Meal detail\\r\\n                                        can be fully customizable in admin dashboard by admin. In picture, wrote some\\r\\n                                        dummy text.\\r\\n                                        <br>\\r\\n                                        In detail page, it includes images of meal using slider and content of the meal,\\r\\n                                        price, order button and comment section for current meal with rating(used select\\r\\n                                        option because of course limitation).\\r\\n                                        <br>\\r\\n                                        User can order the food with desire amount and it will add to the cart if user\\r\\n                                        clicks on add to cart button and if user clicks on order button it will route to\\r\\n                                        order page to confirm order and make purchase.\\r\\n                                    <\\/p>\\r\\n                                <\\/div>\\r\\n\\r\\n                                <div class=\\\"col-xl-8 col-lg-8 col-md-12 col-sm-12 py-3\\\">\\r\\n                                    <a href=\\\"https:\\/\\/res.cloudinary.com\\/minlwinkyaw\\/image\\/upload\\/v1593403342\\/minlwinkyaw\\/restaurant\\/6_ozxwgh.png\\\"\\r\\n                                       data-lightbox=\\\"online_food_order\\\"\\r\\n                                       data-title=\\\"Cart List\\\">\\r\\n                                        <img src=\\\"https:\\/\\/res.cloudinary.com\\/minlwinkyaw\\/image\\/upload\\/v1593403342\\/minlwinkyaw\\/restaurant\\/6_ozxwgh.png\\\"\\r\\n                                             class=\\\"img-responsive img-fluid\\\"\\r\\n                                             alt=\\\"\\\">\\r\\n                                    <\\/a>\\r\\n                                <\\/div>\\r\\n                                <div class=\\\"col-xl-4 col-lg-4 col-md-12 col-sm-12 py-3\\\">\\r\\n                                    <h6><b>Cart List<\\/b><\\/h6>\\r\\n                                    <p class=\\\"text-justify\\\">\\r\\n                                        In the cart list page, it will show list of the foods user added to the cart and\\r\\n                                        user can order individual item from the cart or all of them at the same time.\\r\\n                                        There is delete option to remove items from the cart as well.\\r\\n                                    <\\/p>\\r\\n                                <\\/div>\\r\\n\\r\\n                                <div class=\\\"col-xl-8 col-lg-8 col-md-12 col-sm-12 py-3\\\">\\r\\n                                    <a href=\\\"https:\\/\\/res.cloudinary.com\\/minlwinkyaw\\/image\\/upload\\/v1593403343\\/minlwinkyaw\\/restaurant\\/5_shoew6.png\\\"\\r\\n                                       data-lightbox=\\\"online_food_order\\\"\\r\\n                                       data-title=\\\"Confirm Order\\\">\\r\\n                                        <img src=\\\"https:\\/\\/res.cloudinary.com\\/minlwinkyaw\\/image\\/upload\\/v1593403343\\/minlwinkyaw\\/restaurant\\/5_shoew6.png\\\"\\r\\n                                             class=\\\"img-responsive img-fluid\\\"\\r\\n                                             alt=\\\"\\\">\\r\\n                                    <\\/a>\\r\\n                                <\\/div>\\r\\n                                <div class=\\\"col-xl-4 col-lg-4 col-md-12 col-sm-12 py-3\\\">\\r\\n                                    <h6><b>Confirm Order<\\/b><\\/h6>\\r\\n                                    <p class=\\\"text-justify\\\">\\r\\n                                        If user make order from meal detail page or when user make order from cart it\\r\\n                                        will redirect to this page to confirm the order. In this page, it will show list\\r\\n                                        of food, amount and total amount to confirm.\\r\\n\\r\\n                                    <\\/p>\\r\\n                                <\\/div>\\r\\n\\r\\n                                <div class=\\\"col-xl-8 col-lg-8 col-md-12 col-sm-12 py-3\\\">\\r\\n                                    <a href=\\\"https:\\/\\/res.cloudinary.com\\/minlwinkyaw\\/image\\/upload\\/v1593403344\\/minlwinkyaw\\/restaurant\\/7_k8l3jh.png\\\"\\r\\n                                       data-lightbox=\\\"online_food_order\\\"\\r\\n                                       data-title=\\\"User Profile\\\">\\r\\n                                        <img src=\\\"https:\\/\\/res.cloudinary.com\\/minlwinkyaw\\/image\\/upload\\/v1593403344\\/minlwinkyaw\\/restaurant\\/7_k8l3jh.png\\\"\\r\\n                                             class=\\\"img-responsive img-fluid\\\"\\r\\n                                             alt=\\\"\\\">\\r\\n                                    <\\/a>\\r\\n                                <\\/div>\\r\\n                                <div class=\\\"col-xl-4 col-lg-4 col-md-12 col-sm-12 py-3\\\">\\r\\n                                    <h6><b>User Profile<\\/b><\\/h6>\\r\\n                                    <p class=\\\"text-justify\\\">\\r\\n                                        User profile is a place user can add, delete, and update his or her information\\r\\n                                        like image, name, address, and password.\\r\\n                                    <\\/p>\\r\\n                                <\\/div>\\r\\n\\r\\n                                <div class=\\\"col-xl-8 col-lg-8 col-md-12 col-sm-12 py-3\\\">\\r\\n                                    <div class=\\\"row\\\">\\r\\n                                        <div class=\\\"col-xl-6 col-lg-6 col-md-12 col-sm-12 py-1\\\">\\r\\n                                            <a href=\\\"https:\\/\\/res.cloudinary.com\\/minlwinkyaw\\/image\\/upload\\/v1593403344\\/minlwinkyaw\\/restaurant\\/8_j9y0xy.png\\\"\\r\\n                                               data-lightbox=\\\"online_food_order\\\"\\r\\n                                               data-title=\\\"Admin - 1\\\">\\r\\n                                                <img src=\\\"https:\\/\\/res.cloudinary.com\\/minlwinkyaw\\/image\\/upload\\/v1593403344\\/minlwinkyaw\\/restaurant\\/8_j9y0xy.png\\\"\\r\\n                                                     class=\\\"img-responsive img-fluid\\\"\\r\\n                                                     alt=\\\"\\\">\\r\\n                                            <\\/a>\\r\\n                                        <\\/div>\\r\\n                                        <div class=\\\"col-xl-6 col-lg-6 col-md-12 col-sm-12 py-1\\\">\\r\\n                                            <a href=\\\"https:\\/\\/res.cloudinary.com\\/minlwinkyaw\\/image\\/upload\\/v1593403345\\/minlwinkyaw\\/restaurant\\/9_vz0p5x.png\\\"\\r\\n                                               data-lightbox=\\\"online_food_order\\\"\\r\\n                                               data-title=\\\"Admin - 2\\\">\\r\\n                                                <img src=\\\"https:\\/\\/res.cloudinary.com\\/minlwinkyaw\\/image\\/upload\\/v1593403345\\/minlwinkyaw\\/restaurant\\/9_vz0p5x.png\\\"\\r\\n                                                     class=\\\"img-responsive img-fluid\\\"\\r\\n                                                     alt=\\\"\\\">\\r\\n                                            <\\/a>\\r\\n                                        <\\/div>\\r\\n                                        <div class=\\\"col-xl-6 col-lg-6 col-md-12 col-sm-12 py-1\\\">\\r\\n                                            <a href=\\\"https:\\/\\/res.cloudinary.com\\/minlwinkyaw\\/image\\/upload\\/v1593403346\\/minlwinkyaw\\/restaurant\\/10_y8kzwl.png\\\"\\r\\n                                               data-lightbox=\\\"online_food_order\\\"\\r\\n                                               data-title=\\\"Admin - 3\\\">\\r\\n                                                <img src=\\\"https:\\/\\/res.cloudinary.com\\/minlwinkyaw\\/image\\/upload\\/v1593403346\\/minlwinkyaw\\/restaurant\\/10_y8kzwl.png\\\"\\r\\n                                                     class=\\\"img-responsive img-fluid\\\"\\r\\n                                                     alt=\\\"\\\">\\r\\n                                            <\\/a>\\r\\n                                        <\\/div>\\r\\n\\r\\n                                        <div class=\\\"col-xl-6 col-lg-6 col-md-12 col-sm-12 py-1\\\">\\r\\n                                            <a href=\\\"https:\\/\\/res.cloudinary.com\\/minlwinkyaw\\/image\\/upload\\/v1593403346\\/minlwinkyaw\\/restaurant\\/11_nxeblp.png\\\"\\r\\n                                               data-lightbox=\\\"online_food_order\\\"\\r\\n                                               data-title=\\\"Admin - 4\\\">\\r\\n                                                <img src=\\\"https:\\/\\/res.cloudinary.com\\/minlwinkyaw\\/image\\/upload\\/v1593403346\\/minlwinkyaw\\/restaurant\\/11_nxeblp.png\\\"\\r\\n                                                     class=\\\"img-responsive img-fluid\\\"\\r\\n                                                     alt=\\\"\\\">\\r\\n                                            <\\/a>\\r\\n                                        <\\/div>\\r\\n\\r\\n                                        <div class=\\\"col-xl-6 col-lg-6 col-md-12 col-sm-12 py-1\\\">\\r\\n                                            <a href=\\\"https:\\/\\/res.cloudinary.com\\/minlwinkyaw\\/image\\/upload\\/v1593403346\\/minlwinkyaw\\/restaurant\\/12_lxevh5.png\\\"\\r\\n                                               data-lightbox=\\\"online_food_order\\\"\\r\\n                                               data-title=\\\"Admin - 5\\\">\\r\\n                                                <img src=\\\"https:\\/\\/res.cloudinary.com\\/minlwinkyaw\\/image\\/upload\\/v1593403346\\/minlwinkyaw\\/restaurant\\/12_lxevh5.png\\\"\\r\\n                                                     class=\\\"img-responsive img-fluid\\\"\\r\\n                                                     alt=\\\"\\\">\\r\\n                                            <\\/a>\\r\\n                                        <\\/div>\\r\\n\\r\\n                                    <\\/div>\\r\\n                                <\\/div>\\r\\n                                <div class=\\\"col-xl-4 col-lg-4 col-md-12 col-sm-12 py-3\\\">\\r\\n                                    <h6><b>User Profile<\\/b><\\/h6>\\r\\n                                    <p class=\\\"text-justify\\\">\\r\\n                                        Admin dashboard is only for restaurant\'s owners to manager their product(food),\\r\\n                                        orders, product\'s comment, user, and web page content like email, phone number,\\r\\n                                        SMTP server, contact us, preference, and about us page content, footer\\r\\n                                        information. All of them in one place.\\r\\n                                        <br>\\r\\n                                        For order, there are different type of orders which are confirmed, pending, on way and delivered order. All of them can be managed in admin panel.\\r\\n                                        Other things like adding, updated and deleting category for food or meal.\\r\\n                                    <\\/p>\\r\\n                                <\\/div>\\r\\n\\r\\n\\r\\n                            <\\/div>\\r\\n                        <\\/div>', 30),
(6, 'mouse_controller', '2018-12-01', 'Min Lwin Kyaw', 'Mouse Controller By Color Segmentation', 'Mouse Controller By Color Segmentation', '', 'https://res.cloudinary.com/minlwinkyaw/image/upload/v1593640798/minlwinkyaw/mouse_control/thumbnail_rentzq.jpg', '                        <div class=\\\"btom-cont1 pt-4\\\">\\r\\n                            <h2 class=\\\"py-3\\\">Project\'s Info<\\/h2>\\r\\n                            <p class=\\\"p-l-3\\\">\\r\\n                            <ul class=\\\"px-4\\\">\\r\\n                                <li><span class=\\\"project-detail-span\\\">Name<\\/span> : Mouse Controller By Color\\r\\n                                    Segmentation\\r\\n                                <\\/li>\\r\\n                                <li><span class=\\\"project-detail-span\\\">Team Members<\\/span> : Min Lwin Kyaw<\\/li>\\r\\n                                <li><span class=\\\"project-detail-span\\\">Duration<\\/span> : 2.5 Days<\\/li>\\r\\n                                <li><span class=\\\"project-detail-span\\\">Programming Languages & Frameworks<\\/span> :\\r\\n                                    Python, OpenCV(python)\\r\\n                                <\\/li>\\r\\n                                <li><span class=\\\"project-detail-span\\\">Platforms<\\/span> : Cross-Platform\\r\\n                                <\\/li>\\r\\n                                <li><span class=\\\"project-detail-span\\\">Links<\\/span> :\\r\\n                                    <a target=\\\"_blank\\\"\\r\\n                                       href=\\\"https:\\/\\/1drv.ms\\/u\\/s!Auf1aoS_j9o4gawqXhmNl2Td6XYd1g?e=QQzgSO\\\">One\\r\\n                                        Drive(Source Code, Presentation, Video)<\\/a>\\r\\n                                <\\/li>\\r\\n                            <\\/ul>\\r\\n                            <\\/p>\\r\\n\\r\\n\\r\\n                            <div class=\\\"row\\\">\\r\\n                                <div class=\\\"col-xl-8 col-lg-8 col-md-12 col-sm-12 py-3\\\">\\r\\n                                    <div class=\\\"col-12\\\">\\r\\n                                        <iframe src=\\\"https:\\/\\/www.youtube.com\\/embed\\/v9uTasDRL7k\\\"\\r\\n                                                frameborder=\\\"0\\\"\\r\\n                                                allow=\\\"accelerometer; autoplay; encrypted-media; gyroscope; picture-in-picture\\\"\\r\\n                                                allowfullscreen><\\/iframe>\\r\\n                                    <\\/div>\\r\\n                                <\\/div>\\r\\n\\r\\n                                <div class=\\\"col-xl-4 col-lg-4 col-md-12 col-sm-12 py-3\\\">\\r\\n                                    <h6><b>Video<\\/b><\\/h6>\\r\\n                                    <p class=\\\"text-justify\\\">\\r\\n                                        Video of how program works. Because of presentation\'s video, video is quite short and straight forward.\\r\\n                                    <\\/p>\\r\\n                                <\\/div>\\r\\n                            <\\/div>\\r\\n                            <p class=\\\"text-justify py-3\\\">\\r\\n                                A cross-platform application control mouse and mouse click by using hand gesture with\\r\\n                                color\\r\\n                                segmentation. In program user can move, left click, right click, double click, and\\r\\n                                dragging without\\r\\n                                using mouse. Project was done by using python, and OpenCV.\\r\\n                                <br>\\r\\n                                This project was created by using course materials like masking, contouring, opening, closing, color segmentation, and color conversion.\\r\\n                                I used phone camera as input over local network. If you are going to use by computer web cam, receiving video data implementation will be different.\\r\\n                                <br>\\r\\n                                This project is for Image Processing course\'s 10 Points Presentation Project.\\r\\n                            <\\/p>\\r\\n                        <\\/div>\\r\\n', 80);

-- --------------------------------------------------------

--
-- Table structure for table `project_tag`
--

CREATE TABLE `project_tag` (
  `id` int(11) NOT NULL,
  `project` int(11) NOT NULL,
  `tag` int(11) NOT NULL
) ENGINE=MyISAM DEFAULT CHARSET=utf8 COLLATE=utf8_general_ci;

--
-- Dumping data for table `project_tag`
--

INSERT INTO `project_tag` (`id`, `project`, `tag`) VALUES
(3, 1, 13),
(1, 1, 12),
(2, 1, 1),
(6, 1, 3),
(9, 1, 4),
(7, 1, 5),
(8, 1, 2),
(10, 2, 1),
(11, 2, 2),
(12, 2, 5),
(14, 2, 7),
(20, 2, 12),
(15, 2, 13),
(34, 16, 10),
(33, 16, 11);

-- --------------------------------------------------------

--
-- Table structure for table `setting`
--

CREATE TABLE `setting` (
  `id` int(11) NOT NULL,
  `name` varchar(50) NOT NULL,
  `web_title` varchar(50) NOT NULL,
  `title` text NOT NULL,
  `sub_title` text NOT NULL,
  `profile_image` text NOT NULL,
  `skill_intro` text NOT NULL,
  `hire_content` text NOT NULL,
  `github` varchar(100) NOT NULL,
  `facebook` varchar(100) NOT NULL,
  `instagram` varchar(100) NOT NULL,
  `linkedin` varchar(100) NOT NULL,
  `dribble` varchar(100) NOT NULL,
  `behance` varchar(100) NOT NULL,
  `copyright` text NOT NULL,
  `address` text NOT NULL,
  `phone_no` varchar(20) NOT NULL,
  `contact_email` varchar(50) NOT NULL,
  `resume` varchar(100) NOT NULL
) ENGINE=MyISAM DEFAULT CHARSET=utf8 COLLATE=utf8_general_ci;

--
-- Dumping data for table `setting`
--

INSERT INTO `setting` (`id`, `name`, `web_title`, `title`, `sub_title`, `profile_image`, `skill_intro`, `hire_content`, `github`, `facebook`, `instagram`, `linkedin`, `dribble`, `behance`, `copyright`, `address`, `phone_no`, `contact_email`, `resume`) VALUES
(1, 'Min Thant Oo', 'Min Thant Oo ', '<h3 class=\"banner-text mt-5\">Hello, Im Min Thant Oo</h3>', '<p class=\"my-4 mb-5\">Full-Stack Developer\n\n</p><br>', '/assets/images/c1.jpg', 'I\'m a Full Stack Web Developer originally from Myanmar, based in Turkey. Specializing in both backend development and frontend design, I create dynamic and user-friendly web applications. Committed to staying updated with the latest tech trends, I strive to deliver tailored, high-quality solutions for my clients.', 'Available for clients ranging from individuals and\r\n                    small-businesses all the way to large enterprise corporations.', 'https://github.com/Min-Thant-oo', 'https://www.facebook.com/MinLwink/', 'https://www.instagram.com/min.lwin.kyaw/', 'https://www.linkedin.com/in/minLwinKyaw', 'https://dribbble.com/minlwin', 'https://www.behance.net/minlwinkyadc1f', '<p class=\"copy-footer-29\"> 2020 My Website. All rights reserved </p>', 'Karabuk, Turkey', '+905524716379', 'minthantoo.ardil@gmail.com', 'http://minlwinkyaw.com');

-- --------------------------------------------------------

--
-- Table structure for table `skill`
--

CREATE TABLE `skill` (
  `id` int(11) NOT NULL,
  `name` varchar(150) NOT NULL,
  `percentage` int(11) NOT NULL,
  `skill_order` int(11) NOT NULL,
  `status` tinyint(1) NOT NULL DEFAULT 0
) ENGINE=MyISAM DEFAULT CHARSET=utf8 COLLATE=utf8_general_ci;

--
-- Dumping data for table `skill`
--

INSERT INTO `skill` (`id`, `name`, `percentage`, `skill_order`, `status`) VALUES
(4, 'JavaScript', 85, 40, 1),
(6, 'PHP', 85, 60, 1),
(10, 'SQL', 70, 100, 1),
(12, 'HTML, CSS', 85, 120, 1),
(17, 'React.js', 45, 18, 1),
(19, 'Laravel', 85, 19, 1),
(20, 'JQuery, Bootstrap, TailWindCSS', 75, 21, 1),
(22, 'Git', 75, 22, 1),
(24, 'Interpersonal Skills', 75, 2, 1);

-- --------------------------------------------------------

--
-- Table structure for table `tag`
--

CREATE TABLE `tag` (
  `id` int(11) NOT NULL,
  `slug` varchar(150) NOT NULL,
  `title` varchar(150) NOT NULL,
  `status` tinyint(1) NOT NULL DEFAULT 1
) ENGINE=MyISAM DEFAULT CHARSET=utf8 COLLATE=utf8_general_ci;

--
-- Dumping data for table `tag`
--

INSERT INTO `tag` (`id`, `slug`, `title`, `status`) VALUES
(1, 'laravel', 'Laravel', 1),
(2, 'php', 'PHP', 1),
(3, 'tailwind', 'Tailwind', 1),
(4, 'nextjs', 'Nextjs', 1),
(5, 'nginx_deployment', 'Nginx Deployment', 0),
(7, 'mysql', 'MySQL', 0),
(12, 'javascript', 'JavaScript', 0),
(13, 'html_css', 'HTML, CSS', 1);

-- --------------------------------------------------------

--
-- Table structure for table `user`
--

CREATE TABLE `user` (
  `id` int(11) NOT NULL,
  `username` varchar(75) NOT NULL,
  `email` varchar(30) NOT NULL,
  `password` varchar(255) NOT NULL,
  `role` varchar(25) NOT NULL,
  `status` varchar(20) NOT NULL DEFAULT 'Active',
  `created_at` datetime NOT NULL,
  `api_token` varchar(100) DEFAULT NULL
) ENGINE=MyISAM DEFAULT CHARSET=utf8 COLLATE=utf8_general_ci;

--
-- Dumping data for table `user`
--

INSERT INTO `user` (`id`, `username`, `email`, `password`, `role`, `status`, `created_at`, `api_token`) VALUES
(3, 'Min Lwin Kyaw', 'minlwinkyaw307@gmail.com', '$2y$10$njh/sTiPF55kgQ3RZHmhNOwo5YDzDMwfqwAkIUdN3RCeJrFdiDNci', 'ADMIN', 'Active', '2020-05-04 05:29:48', '9379f4ed4af3ea6e614be7aac5a73198e69c0567d627f18f66308fc1f917631b'),
(4, 'test', 'test1@gmail.com', '$2y$10$pIJLZU/nJ2KebnGHAW3Wn.jEl1yYJMqqC3xJSnoWQKLT0ppqRksby', 'USER', 'Active', '2020-05-04 05:53:22', '80527f2e51af9542a4ad3953520cae29d701d526de52d8f37ff83979264988bc');

--
-- Indexes for dumped tables
--

--
-- Indexes for table `contact_us`
--
ALTER TABLE `contact_us`
  ADD PRIMARY KEY (`id`);

--
-- Indexes for table `project`
--
ALTER TABLE `project`
  ADD PRIMARY KEY (`id`);

--
-- Indexes for table `project_tag`
--
ALTER TABLE `project_tag`
  ADD PRIMARY KEY (`id`),
  ADD UNIQUE KEY `project_tag_constraint` (`project`,`tag`),
  ADD KEY `project` (`project`),
  ADD KEY `tag` (`tag`);

--
-- Indexes for table `setting`
--
ALTER TABLE `setting`
  ADD PRIMARY KEY (`id`);

--
-- Indexes for table `skill`
--
ALTER TABLE `skill`
  ADD PRIMARY KEY (`id`);

--
-- Indexes for table `tag`
--
ALTER TABLE `tag`
  ADD PRIMARY KEY (`id`);

--
-- Indexes for table `user`
--
ALTER TABLE `user`
  ADD PRIMARY KEY (`id`);

--
-- AUTO_INCREMENT for dumped tables
--

--
-- AUTO_INCREMENT for table `contact_us`
--
ALTER TABLE `contact_us`
  MODIFY `id` int(11) NOT NULL AUTO_INCREMENT;

--
-- AUTO_INCREMENT for table `project`
--
ALTER TABLE `project`
  MODIFY `id` int(11) NOT NULL AUTO_INCREMENT, AUTO_INCREMENT=21;

--
-- AUTO_INCREMENT for table `project_tag`
--
ALTER TABLE `project_tag`
  MODIFY `id` int(11) NOT NULL AUTO_INCREMENT, AUTO_INCREMENT=37;

--
-- AUTO_INCREMENT for table `setting`
--
ALTER TABLE `setting`
  MODIFY `id` int(11) NOT NULL AUTO_INCREMENT, AUTO_INCREMENT=2;

--
-- AUTO_INCREMENT for table `skill`
--
ALTER TABLE `skill`
  MODIFY `id` int(11) NOT NULL AUTO_INCREMENT, AUTO_INCREMENT=25;

--
-- AUTO_INCREMENT for table `tag`
--
ALTER TABLE `tag`
  MODIFY `id` int(11) NOT NULL AUTO_INCREMENT, AUTO_INCREMENT=16;

--
-- AUTO_INCREMENT for table `user`
--
ALTER TABLE `user`
  MODIFY `id` int(11) NOT NULL AUTO_INCREMENT, AUTO_INCREMENT=5;
COMMIT;

/*!40101 SET CHARACTER_SET_CLIENT=@OLD_CHARACTER_SET_CLIENT */;
/*!40101 SET CHARACTER_SET_RESULTS=@OLD_CHARACTER_SET_RESULTS */;
/*!40101 SET COLLATION_CONNECTION=@OLD_COLLATION_CONNECTION */;
